title,# comments,date,year,created
Major decision fatigue...3rd Row SUV,45,2024-07-07,2024,1720389329.0
Decision fatigue when trying to decide on a new vehicle,3,2024-07-22,2024,1721666790.0
$25k budget avid car enthusiast with decision fatigue,10,2023-10-16,2023,1697446357.0
Car buying decision fatigue (are the Mazda3 Hatchback or Mazda CX-30 worth it?),6,2023-05-16,2023,1684278501.0
Decision Fatigue - 2020 Subaru Crosstrek vs. 2020 Toyota RAV4 Hybrid,7,2020-05-05,2020,1588698220.0
CUV Hybrid and decision fatigue - looking for some driving spirit,2,2020-06-24,2020,1592970798.0
I have a car that‚Äôs paid off but I hate it,24,2024-05-30,2024,1717101144.0
Colorado First Car,1,2024-08-31,2024,1725073115.0
Indecision ,0,2024-06-12,2024,1718156037.0
Palisade vs Pilot or other 3 Row SUV,5,2023-12-26,2023,1703569847.0
3rd row or the dreaded van?,36,2022-02-12,2022,1644638687.0
30000 miles a year driving. looking for good convertible.,57,2019-06-12,2019,1560379223.0
Are any of these BMW 3 Series a decent deal?,13,2022-03-27,2022,1648358436.0
2021 TLX (tech pkg) vs 2021 G70,9,2021-12-15,2021,1639607371.0
first time buyer looking to buy a car and mini-van,12,2021-01-17,2021,1610889494.0
24M looking for first REAL vehicle,9,2020-11-04,2020,1604457169.0
Trying to decide between 15 lexus rx350 vs 17 Hyundai tucson vs 16 ford edge,15,2019-07-18,2019,1563409324.0
"I'm looking into buying a new or late model used compact sedan. I'm not sure if I can afford one or if I should wait, but most importantly I'm having trouble choosing a make/model (Elantra vs. Impreza vs. Versa)",5,2020-06-02,2020,1591127911.0
How do you get over food decision fatigue?,12,2022-12-11,2022,1670775827.0
[PSA] ‚ÄúIt doesn‚Äôt matter what you eat between Christmas and New Year‚Äôs. It matters what you eat between New Year‚Äôs and Christmas.‚Äù,72,2021-12-12,2021,1639309954.0
Help me lose without CICO,274,2021-09-13,2021,1631547825.0
Decision Fatigue &amp; Weight Loss,12,2017-03-29,2017,1490792477.0
"Willpower, Decision Fatigue, and Ego Depletion",3,2011-08-19,2011,1313728994.0
Lazyman‚Äôs or women‚Äôs CICO,11,2024-08-02,2024,1722622811.0
What habits to make things easier?,17,2024-04-09,2024,1712623717.0
Small Changes --Any You'd Add?,8,2024-05-13,2024,1715628811.0
Building an Exercise Routine,2,2024-06-07,2024,1717720585.0
"""No"" is easy. ""Maybe"" is hard. With regard to food choices",35,2021-12-19,2021,1639888083.0
"Tiniest, baby milestone accomplished.",2,2024-01-14,2024,1705192279.0
Convenience breakfast,17,2023-04-11,2023,1681246412.0
What are some strategies for battling hunger at night?,34,2020-09-07,2020,1599479629.0
How to restrict without it feeling restrictive. How to eat intuitively without it becoming a free-for-all,0,2022-12-14,2022,1670979477.0
Meal Prep Tips (Your future self will thank you),1,2022-11-21,2022,1669068131.0
"For those who successfully lose weight without strict calorie counting, how do you do it?",26,2019-09-02,2019,1567434034.0
Came across this youtube video about the science behind willpower and decision making that I though a lot of people here would find interesting,10,2020-07-18,2020,1595031523.0
"""Chains of habit are too light to be felt until they are too heavy to be broken."" - Warren Buffett",9,2017-06-26,2017,1498506978.0
"If you want something you've never had before, you've got to do something you've never done before",9,2019-06-06,2019,1559855684.0
71 lb marathon update,3,2020-03-06,2020,1583506055.0
Hitting goal weight during the stomach flu,4,2019-06-25,2019,1561430297.0
Reflections on my health/diet progress in 2015,14,2015-12-30,2015,1451505502.0
"‚ÄúDay by day, what you choose, what you think and what you do is who you become.‚Äù - Heraclitus",5,2017-07-16,2017,1500248506.0
"‚ÄúDay by day, what you choose, what you think and what you do is who you become.‚Äù - Heraclitus",2,2017-07-03,2017,1499044669.0
Food advice for a tired brain?,6,2017-08-09,2017,1502311428.0
On a journey to lose the 40 pounds I gained the past 11 months during a relationship that is no more as of this past week,2,2018-08-13,2018,1534145934.0
"Always athletic, not always thin - my journey from weightlifter to (hopefully) normal",3,2016-09-06,2016,1473193608.0
"First post -- OMG Loseit, I lost 15lbs!",8,2012-04-13,2012,1334351066.0
How Leaders Can Protect Their Cognitive Resources from Decision Fatigue,0,2024-03-19,2024,1710840165.0
The Great Grocery Store Conundrum: Decision Fatigue Edition,0,2024-06-06,2024,1717676181.0
how to reduce analysis paralysis in financial planning?,0,2024-06-22,2024,1719049604.0
how to reduce analysis paralysis in goal setting?,0,2024-06-21,2024,1718981306.0
what are the effects of Pilates on decision-making?,0,2024-06-11,2024,1718100631.0
benefits of problem solving in self-improvement?,0,2024-06-08,2024,1717889120.0
Empower Your Decisions with AI Coach,0,2024-01-20,2024,1705774597.0
Wedding decision fatigue,19,2024-04-11,2024,1712865945.0
Dress Help after decision fatigue,14,2022-03-16,2022,1647451649.0
National Park Wedding - How to Cut Costs? ,21,2024-07-06,2024,1720304928.0
Help Decide Menu,27,2022-04-19,2022,1650376083.0
Decision Fatigue!,0,2023-12-21,2023,1703191094.0
Decision Fatigue: Don‚Äôt Squeeze Out Every Bit Of Your Attention,0,2020-11-05,2020,1604547985.0
5 Strategies To Stop Overthinking And Start Acting,0,2020-07-16,2020,1594872172.0
Over analyzing / Decision Fatigue,24,2023-04-26,2023,1682551970.0
Help for a Rebel who loves flying but not so much squad building,9,2018-09-15,2018,1537032527.0
I Quit! A 2-Year Honest Review,166,2024-02-08,2024,1707421840.0
This has saved my ADHD,25,2024-01-05,2024,1704496396.0
Carrots and Green Beans,24,2024-02-15,2024,1708016949.0
My Review of HF,13,2024-03-09,2024,1709945893.0
Meal prep help,19,2023-06-11,2023,1686498303.0
Decision Fatigue - advice needed,8,2023-05-01,2023,1682964835.0
How to deal with 'decision fatigue' (just getting tired of telling yourself 'no')?,5,2024-03-02,2024,1709403378.0
An alternative approach to weight loss and health,3,2023-04-10,2023,1681154716.0
Decision Fatigue,3,2023-07-05,2023,1688559961.0
"Rig decision fatigue, help...please?",43,2023-07-20,2023,1689829629.0
Can anyone else just not focus on things for long anymore? 38 here.,211,2024-08-20,2024,1724197819.0
This community is becoming amply toxic.,327,2019-03-13,2019,1552453367.0
Developing a uniform to combat decision fatigue,41,2018-08-17,2018,1534514777.0
Lessons and reflections from 3 months of no clothes buying,90,2023-02-17,2023,1676599367.0
Minimising my wardrobe,18,2018-01-22,2018,1516660553.0
Do some of you wear the same thing every day?,4,2016-04-15,2016,1460702354.0
Decision fatigue anyone?!,20,2022-09-14,2022,1663157303.0
Thank heavens! I have aserious case of decision fatigue and am wearing all cream to work today fr üòÖüòÖüòÖ,7,2023-03-22,2023,1679484271.0
this was fun but there was also sooo much decision fatigue involved lol,7,2022-12-09,2022,1670614402.0
"Playing around with this challenge, couldn't decide! Last 2 are what I submitted after decision fatigue üò©",6,2022-03-11,2022,1647006576.0
"Didn‚Äôt get the new coin system yet, but‚Ä¶",28,2022-10-06,2022,1665032818.0
Strategies!,11,2023-04-03,2023,1680558967.0
This Game is a Decision Fatigue Simulator,87,2021-09-26,2021,1632684440.0
Started playing about a month ago...,11,2020-08-30,2020,1598805278.0
65inch - Decision Fatigue,40,2023-02-18,2023,1676757162.0
75in $1400 +/- $300 Help,5,2024-07-03,2024,1720013457.0
New tv under $1500?,5,2024-04-12,2024,1712941794.0
Need help deciding on first 4K LED TV,8,2021-06-23,2021,1624467752.0
Offer Decision Fatigue,14,2023-08-17,2023,1692290631.0
I've reviewed thousands of applications for university recruiting at a startup. Here‚Äôs a bit of what I look for when reviewing an application. (Part 2),294,2020-09-12,2020,1599941059.0
Decision fatigue,4,2021-03-04,2021,1614901644.0
"Interested in rejoining the industry 5 years later as a full-time worker and oh man, I was not prepared",14,2022-10-28,2022,1666919637.0
Early-Mid Career Advice! Please Help Me Decide!,13,2020-12-11,2020,1607685676.0
Should I learn Salesforce Development or Bookkeeping?,7,2020-09-17,2020,1600355546.0
"Backing out before staring? I'm really overthinking here, please help...",5,2020-12-11,2020,1607721098.0
I've never had to navigate between picking new positions before. Can I ask someone to wait a week for my decision?,9,2019-09-11,2019,1568201064.0
I am on internship and feel that I am stuck babysitting my classmate who is on my internship with me. What can I do about this situation?,7,2019-02-11,2019,1549865460.0
Choice fatigue: where to start a career and what does picking a subfield mean for future options?,8,2017-02-28,2017,1488282402.0
Growth in GovTech: Driving Innovation or Decision Fatigue?,0,2024-08-07,2024,1723040010.0
How do you overcome creative decision fatigue?,17,2023-07-14,2023,1689372237.0
Immense Self Doubt W/ Music Production,24,2020-05-16,2020,1589619034.0
DAE experience decision fatigue when shopping online due to too many choices?,0,2024-09-16,2024,1726452489.0
Does anybody else feel constantly overwhelmed by decision fatigue?,6,2020-02-02,2020,1580686670.0
DAE feel strangely uninhibited at night and get more prone to making rash decisions?,6,2023-03-23,2023,1679564962.0
DAE Feel like international travel is normal everyday shit for most people except them,7,2022-06-04,2022,1654306241.0
Decision fatigue and morality crises?,32,2021-05-02,2021,1619972551.0
Has anyone noticed how much decision fatigue there can be in fishing?,40,2024-06-04,2024,1717504001.0
Wanting to start fishing on my own.,15,2024-06-16,2024,1718551971.0
Decision Fatigue - Welches Game soll ich als n√§chstes spielen?,0,2024-07-25,2024,1721926325.0
Decision Fatigue,66,2023-01-10,2023,1673328882.0
Decision Fatigue and Dinner Tonight,12,2024-04-04,2024,1712261490.0
Decision Fatigue: need an easy meal idea with carrots!,37,2023-07-16,2023,1689477451.0
How do you decide on what to cook? I always end up getting decision fatigue and end up eating out.,14,2022-08-15,2022,1660584352.0
Pescatarian dinner party,100,2023-11-25,2023,1700935779.0
Any Youtuber-type *really good* cooks that regularly do a full week of meals?,41,2023-12-21,2023,1703190733.0
Need advice on batch cooking and increasing flavour of large meals (V),4,2022-04-08,2022,1649421908.0
How do you curate recipes?,16,2020-07-25,2020,1595691325.0
Convert oven recipe to stovetop or grill?,3,2021-06-10,2021,1623335250.0
"Bed-rotting, mental/decision fatigue, just surviving day by day",8,2024-01-20,2024,1705730125.0
Hey there! We created a guide comparing the official dock with the most popular options from third-party manufacturers. We hope this will help you in your buying decision and reduce decision fatigue.,95,2022-10-07,2022,1665131480.0
Fiji - Decision Fatigue,1,2023-10-13,2023,1697233931.0
Is the Travelpro Maxlite 21 inch carry-on too big for international travel?,9,2022-05-11,2022,1652278213.0
"LPT - Practice time blocking: Allocate specific time blocks for different types of tasks or activities. By scheduling your day in advance and dedicating set time periods to specific tasks, you can enhance focus, improve time management, and reduce decision fatigue.",23,2023-05-16,2023,1684280947.0
LPT Request: How do I help my spouse make confident decisions?,292,2015-12-29,2015,1451396238.0
LPT: Use WW_D trick to help with decision fatigue,2,2021-05-04,2021,1620138650.0
"LPT: If you have a lot of separate items on your to-do list, decide in advance the order in which you'll do them. This limits decision fatigue and makes you more likely to follow-through.",1,2017-03-20,2017,1490039268.0
Automate your mornings to make fewer inconsequential decisions (i.e. what to wear) so you don't suffer decision fatigue on the more important decisions later,0,2013-01-25,2013,1359135120.0
"LPT: If you don't have a coin to flip for heads or tails, you can use last last digit of your phone's clock with ""odd"" or ""even"", in stead of heads or tails.",16,2018-01-19,2018,1516388344.0
Does anyone have experience with decision fatigue from a part that wants to try everything ?,2,2024-04-14,2024,1713101444.0
Dissociate/hide at home playing games to relax vs travel/work/action/adventure - am stuck and both costs money and are needs,4,2023-10-08,2023,1696756916.0
Feels like decision fatigue is part of why I get fried more easily than others in my life.,6,2024-05-18,2024,1716022821.0
Meal services/subscriptions and taking the decision fatigue out. ,2,2024-05-23,2024,1716481030.0
So I'm having a son tomorrow ,31,2024-09-08,2024,1725820736.0
What should I bring to work for lunch?,8,2024-05-28,2024,1716933200.0
Adjusting to New Living Situation,0,2023-08-21,2023,1692658410.0
What is the biggest life decision you‚Äôve ever made with the least forethought?,726,2024-02-20,2024,1708441863.0
What are your thoughts on the Bosch series 6 or 8 washer dryers?,13,2024-05-24,2024,1716564733.0
"Head coaches are leaving gym to start their own, owner sent this email to all members. Thoughts?",386,2024-09-06,2024,1725588983.0
How Important Are Instructors at Gyms?,19,2021-10-03,2021,1633245776.0
Travel stroller decision fatigue,20,2023-09-14,2023,1694663496.0
Nuna TRIV next vs MIXX next,15,2024-07-13,2024,1720904784.0
Overwhelmed by Travel Stroller Options!,12,2024-01-31,2024,1706676528.0
Decision fatigue and brain fog,6,2023-08-18,2023,1692391212.0
What tips do you lot have for decision fatigue?,17,2021-03-18,2021,1616100297.0
"Decision fatigue over apps, methods and systems.",15,2020-08-20,2020,1597949520.0
"Working mom here. Besides clothing and meals, what are the best ways to reduce decision fatigue?",16,2018-12-26,2018,1545833427.0
"Decision Fatigue, and more easily integrating restaurant ordering into your daily life",4,2020-03-30,2020,1585603443.0
What's more rewarding than staying in bed/sleeping in?,139,2022-03-13,2022,1647202113.0
"Avoid decision fatigue, if you want to be productive",0,2020-03-02,2020,1583193263.0
"Decrease Decision Fatigue, Be More Productive",5,2015-06-10,2015,1433965160.0
Make Better Decisions: 6 Tips for Overcoming Decision Fatigue,0,2015-04-07,2015,1428405445.0
Decision Fatigue,1,2015-06-14,2015,1434304899.0
[Tool] An app to reduce decision fatigue from choosing food to order and increase productivity,1,2015-10-09,2015,1444415893.0
"Decision Fatigue - Women, what key tricks or tips do you use every day to manage decision fatigue or put your life on autopilot?",2,2014-11-24,2014,1416818080.0
5 Ways to Combat Decision Fatigue,0,2015-09-06,2015,1441555631.0
The importance of a routine,13,2024-05-23,2024,1716477863.0
I‚Äôve saved decision energy,4,2024-09-17,2024,1726563249.0
I stopped problem-solving and increased my productivity multi-fold,6,2024-07-20,2024,1721507341.0
PARADIGM SHIFT: the difference between packing your gym bag the night before versus scrambling in the morning is not a time savings of 37 seconds. It‚Äôs the difference between actually getting a workout in vs checking instagram ,4,2024-03-30,2024,1711833779.0
Collection of notes for life optimization,2,2024-04-08,2024,1712553605.0
"üîñ According to Tiago Forte, additional tags in PARA are unnecessary and even harmful",15,2023-11-29,2023,1701273836.0
Rely less on willpower/motivation,5,2024-02-19,2024,1708350168.0
A note on being 'productive' for solopreneurs who think breaks are a 'luxury.',19,2023-04-14,2023,1681477047.0
Productivity fatigue ?,10,2023-09-11,2023,1694433551.0
Every email in my inbox costs me $1 of attention,8,2023-05-20,2023,1684589998.0
Time management techniques for dreamers who struggle with execution,18,2022-04-17,2022,1650208002.0
Great at making lists and scheduling time...awful at following them,22,2022-01-02,2022,1641154664.0
"""Most people don't have that willingness to break bad habits. They have a lot of excuses and they talk like victims."" - Carlos Santana",20,2018-01-20,2018,1516431392.0
Seriously need to stick to one to-do list/project system. Help.,28,2021-01-21,2021,1611272250.0
I feel like im all over the place and cannot focus,4,2023-01-20,2023,1674183435.0
"Steve Jobs, Barack Obama and Mark Zuckerberg - all wore pretty much the same outfits everyday to give themselves one less decision to think about. The less decisions you make, the more decisive and productive you will be.",27,2017-07-21,2017,1500645721.0
Productivity apps? To-do software? THERE'S TOO MUCH CHOICE!!!,36,2015-10-24,2015,1445648076.0
7 step weekly planning and review routine that gives you control over your week - (a general Weekly Review routine I created after tweaking it for the past 10 years),8,2021-02-17,2021,1613578463.0
Automated recurrences made my life significantly better. What do you automate?,11,2020-04-09,2020,1586438029.0
Personal Growth &gt; Productivity Systems,3,2021-07-23,2021,1627057193.0
Think more clearly by reducing bias,2,2021-06-17,2021,1623966094.0
Think more clearly by reducing bias,2,2021-06-17,2021,1623965912.0
"‚ÄúDay by day, what you choose, what you think and what you do is who you become.‚Äù - Heraclitus",5,2017-07-11,2017,1499766026.0
Craft your perfect study week,3,2020-11-16,2020,1605535756.0
There doesn't seem to be a perfect system for handling things you want to get done,9,2019-01-02,2019,1546400419.0
why do lazyness and low self control come right after a period of high productivity and high self control ?,2,2020-08-05,2020,1596635094.0
Stop Budgeting - It's a waste of time,8,2019-03-21,2019,1553136862.0
Leisure tasks are easier to pick,2,2020-05-24,2020,1590330028.0
Flourish&amp;: A framework to structure your life around your values 7 days a week,3,2019-08-13,2019,1565726952.0
Adults: do you feel like life was easier when you were in school?,5,2018-10-15,2018,1539622402.0
A tidy space leads to a tidy mind. My summary of The Magic of Tidying Up.,3,2017-08-05,2017,1501930049.0
"How decision-making can sap your willpower, and what to do about it",0,2016-08-24,2016,1472051937.0
How the snooze button can make you more productive,1,2015-08-28,2015,1440746898.0
Complete Guide to Designing Your Morning Routines to Double Your Productivity,0,2015-09-03,2015,1441305909.0
A menu has been made to alleviate decision fatigue.,1,2024-03-14,2024,1710420372.0
My (29F) boyfriend (29M) complained about the portion sizes of the meals I make for him and the amount of time I spend cooking.,318,2024-02-16,2024,1708043797.0
How do I (20F) explain decision fatigue to my bf (20M)?,3,2024-06-24,2024,1719207285.0
I'm (28M) having decision fatigue about pursuing a new relationship with someone (29F) with whom I've connected unexpectedly magnetically and have been seeing consistently for 5ish months,2,2021-10-05,2021,1633462993.0
"Is new love strong enough/is love in general enough? 26F leaving for a semester and about to do long distance for 6 months with my new boyfriend (27M) of only 5 months. He leans anxious, I lean avoidant. ",3,2024-07-16,2024,1721124456.0
How do I (35 f) better support my struggling my partner (37 m) through his SUD and Anxiety?,1,2024-04-22,2024,1713801390.0
Have I (33M) Lost My GF (29F) To Our Business?,0,2024-02-18,2024,1708276798.0
My (40f) fiance (37m) and I get into arguments and I don't know how to fix it.,2,2023-12-09,2023,1702148513.0
r/relationship_advice on Reddit: My boyfriend (41/M) doesn't know how to share food with me (32/F) PART2,12,2023-05-21,2023,1684652363.0
My wife has asked me to be a controlling husband,17,2022-07-12,2022,1657587238.0
better since breaking up,1,2022-11-24,2022,1669257366.0
Is suggesting meal planning really being ‚Äúcontrolling‚Äù?,10,2021-12-17,2021,1639779777.0
How do I (m 16) tell me parents i want to drop out of the IB program,2,2021-12-23,2021,1640226276.0
"My (22M) room mate (22M) came from an Abusive household to my Husband (22M) and I household and now don't do anything to help out. Despite it being agreed he would, what do I do going forward?",5,2021-08-13,2021,1628842810.0
How to ask my (F31) BF (M32) to be less compliant?,8,2020-09-27,2020,1601246605.0
My boyfriend (37M) and I (32F) are having a rough time after almost 10 years together. Looking for advice.,7,2019-07-20,2019,1563586225.0
How to stop being passive in relationships?,3,2018-11-19,2018,1542607901.0
How am I supposed to feed myself 3 times a day for the rest of my life??,256,2023-04-21,2023,1682084833.0
My mom made a weekly menu and I'd thought I'd share for anyone dealing with decision fatigue when it comes to food,11,2023-04-22,2023,1682162847.0
"Multiple Choice Tests/Exams: Love them or Dislike them? I tend to overthink, hyper analyze, get decision fatigue and not think ‚Äúthe best answer‚Äù is the best answer. üòù",3,2023-11-16,2023,1700152575.0
I get really bad decision fatigue,8,2020-02-15,2020,1581749456.0
Decision Fatigue &amp; Dilemma: Go for a shell? or another Daily piece?,16,2024-09-17,2024,1726596200.0
"Insulated Jacket (e.g., Sabre, Rush, Macai) or Mid-layer and Shell (e.g., Atom + Sabre)?",15,2023-09-16,2023,1694874175.0
Adulting is a scam. 0/10. Do not recommend. ,75,2024-09-19,2024,1726754737.0
"[Discussion] How do I combat decision fatigue and lack of knowledge? (Health, Fitness, etc.)",27,2023-10-10,2023,1696912425.0
"[Discussion] Brain says ""but I don't wanna.""",65,2024-03-27,2024,1711505843.0
[Article] I've struggled with impulse control and recently learned about decision fatigue. Here's how you can make better decisions with less effort.,0,2014-12-30,2014,1419968917.0
[Article] Concrete examples of how to combat decision fatigue,0,2014-10-13,2014,1413213315.0
[Article] Willpower: How to Overcome Decision Fatigue and Commit to Your Habits,0,2014-08-22,2014,1408704972.0
How do I motivate myself out of this neurological based decision fatigue and ego depletion?,2,2013-03-13,2013,1363134447.0
[Text] Making goals that will work for you,1,2021-03-20,2021,1616208076.0
[Article] How the snooze button can make you more productive,3,2015-08-14,2015,1439535101.0
Having some decision fatigue with the available post partum exercise programs - what did you use and what was your experience?,3,2024-03-10,2024,1710085394.0
TL; DR Did you get brain fog and decision fatigue or either one of those? ,15,2024-09-01,2024,1725212797.0
"My relatives just had their 6th child, what do I bring when I meet baby?",16,2024-07-19,2024,1721404510.0
Nuna Triv next vs Mixx next,2,2024-07-13,2024,1720904742.0
Tell me it gets easier‚Ä¶,6,2023-02-22,2023,1677098751.0
15 Month Old Picky Eater,1,2023-05-10,2023,1683733030.0
New Moms - I‚Äôm only two weeks in but it seems that my decision making ability has taken a serious dive.,17,2019-03-23,2019,1553377824.0
"Need a bike, having decision fatigue...",8,2024-07-16,2024,1721142324.0
Looking for advice on a new bike,8,2022-02-17,2022,1645129543.0
"OK, I have decision fatigue",4,2024-04-29,2024,1714362704.0
Looking for a strategy/turn-based battle system with character progression but less emphasis on story,2,2022-09-24,2022,1664042182.0
A linear third person PC game that's easy for an OCD perfectionist,4,2022-07-14,2022,1657816606.0
Xbox game suggestions for newbie gamer - loves Zelda,9,2020-01-19,2020,1579449456.0
How to find a game and start playing it?,4,2017-11-11,2017,1510364552.0
Baby Car Seat / Stroller Decision Fatigue - help! ,2,2024-02-26,2024,1708912298.0
Decision fatigue has hit.,35,2016-02-03,2016,1454525678.0
Advice from the other side,32,2023-04-28,2023,1682684173.0
Pack 'n play - which should I get?,24,2024-05-27,2024,1716819178.0
Induced at 41+3 with no end in sight,3,2024-08-17,2024,1723898189.0
Mattress Toppers for Hip Pain?,4,2024-07-04,2024,1720120095.0
High Chair Advice - HELP! I can't choose!,18,2020-11-15,2020,1605471285.0
"Very light bleeding, but for several hours?",4,2022-03-02,2022,1646240463.0
Breast pump decision interrupted,6,2021-02-26,2021,1614321308.0
"My wife has asked me to DM a game and she deserves to be happy. Problem is, I am not very smart. DM advice?",399,2020-11-20,2020,1605847878.0
player wants to run a dorky wizard who is perceived as dorky and dumb but takes themselves seriously,1,2023-03-29,2023,1680122226.0
Decision fatigue Turkey,10,2023-04-23,2023,1682277598.0
Do any other GMs suffer decision fatigue by the end of the session?,83,2013-12-06,2013,1386320140.0
"Decision Fatigue, Help Rationalize a Lens Choice",6,2024-02-23,2024,1708673742.0
Is the 85mm f1.4 gm ii worth getting?,16,2024-08-30,2024,1724978828.0
I've been looking for a camera to buy as a beginner,16,2024-08-17,2024,1723904772.0
Change from primes to 16-35GM ii?,2,2024-08-10,2024,1723297654.0
Decision Fatigue,2,2024-07-17,2024,1721242521.0
Decision Fatigue: 5 simple ideas to kill it and make smart choices,1,2021-07-05,2021,1625523063.0
A complete guide to performing effective SEO on YouTube to get fast growth in your viewership,1,2023-02-21,2023,1676979035.0
A complete guide to performing effective SEO on YouTube to get fast growth in your viewership,1,2022-12-16,2022,1671171329.0
Decision Fatigue,13,2023-12-24,2023,1703441732.0
I lasted 6 months,102,2024-07-25,2024,1721939355.0
How do you increase efficiency in your life to reduce decision fatigue?,54,2020-04-11,2020,1586566636.0
Decision fatigue,15,2022-03-20,2022,1647739095.0
this time I am ACTUALLY doing it!,18,2023-05-10,2023,1683700399.0
The Big Tidy So Far,5,2023-07-18,2023,1689641404.0
Why did you decide to start the KonMari Method?,36,2018-04-20,2018,1524251911.0
Two-ish year update,24,2017-07-28,2017,1501258039.0
Shopping is HARD,19,2018-01-20,2018,1516462850.0
Dealing with fatigue?,9,2016-04-05,2016,1459888431.0
Inside Netflix‚Äôs Quest to End Scrolling | How the company is working to solve one of its biggest threats: decision fatigue.,458,2021-04-28,2021,1619611919.0
"Reality TV shows taking control of part of someone's life seems nuts, but it's escalating: marriage, tattoos, home buying. Why? Is it decision fatigue? Or something else?",0,2018-11-13,2018,1542145169.0
Monthly Decision Fatigue,7,2024-04-16,2024,1713291701.0
Decision fatigue,44,2023-11-05,2023,1699193282.0
Meal decision fatigue,9,2024-07-24,2024,1721804580.0
20 lbs down! üéâ,12,2024-08-26,2024,1724701352.0
Mealprep Recipes with calculated calories,8,2023-02-15,2023,1676475066.0
Experience with eMeals?,9,2021-05-12,2021,1620825069.0
Decision Fatigue,51,2023-11-26,2023,1701002914.0
The Hunt for the Perfect Black T-Shirt - Help!,52,2024-05-09,2024,1715262552.0
Best resources to learn the basics for a complete beginner starting out,17,2024-09-10,2024,1725990888.0
Anyone else a maximalist with a wide variety in style? ,13,2024-08-24,2024,1724494743.0
Quick Start Guide,19,2023-10-03,2023,1696366477.0
I‚Äôm not sure if I can capsule,16,2023-10-12,2023,1697121120.0
How to use the concepts from capsule wardrobes to pare down an existing wardrobe,22,2021-11-15,2021,1637018626.0
My thoughts after 30 days of using a capsule wardrobe,7,2021-07-03,2021,1625322766.0
Anyone else suffer from decision fatigue?,46,2023-12-15,2023,1702600638.0
"I don't get decision fatigue from playing Morrowind, but I do from installing it",16,2023-11-11,2023,1699740394.0
I get decision fatigue from all of Dr. K‚Äôs content,5,2024-03-15,2024,1710528826.0
Codependency and Limerance,6,2024-05-31,2024,1717170124.0
"How do you know what work is most important, and how do you get it done?",1,2023-10-10,2023,1696975185.0
How to clear my mind to get back into creativity?,1,2023-03-25,2023,1679734871.0
Advice for Decision Fatigue/Loneliness,22,2023-06-25,2023,1687726345.0
What do you dislike most about Solo travelling?,373,2023-12-01,2023,1701444171.0
12 weeks in Europe this summer and decision fatigue. (32f),5,2023-05-21,2023,1684708340.0
First Overseas Solo Trip Report,18,2023-09-21,2023,1695259053.0
Need help figuring out middle 4 days of first trip to Japan. first time traveling solo as well,3,2024-02-16,2024,1708089104.0
Vienna - Copenhagen - Itinerary help,5,2023-09-25,2023,1695671763.0
Sugar addiction!,7,2019-02-27,2019,1551225971.0
Are You ‚ÄúTeacher Tired?‚Äù Decision Fatigue and Some Ways to Help,0,2024-05-15,2024,1715808407.0
"Is this FOMO, decision fatigue or something else?",60,2022-10-10,2022,1665416029.0
Decision Fatigue and Simple Living,21,2022-07-26,2022,1658808749.0
"The concept of decision fatigue and why Obama, Einstein, Steve Jobs,... dress the same every day.",26,2014-12-10,2014,1418223581.0
Decision fatigue - and a simple wardrobe (I love seeng things like this in the mainstream media. Even if it has all been said before),20,2015-10-09,2015,1444392784.0
Aldi is my simply living grocery store,149,2021-04-14,2021,1618366777.0
What are ways in which you reduce/simplify daily decision making?,19,2024-03-31,2024,1711890199.0
Vacations and holidays,6,2024-07-03,2024,1720004523.0
Reducing choices,26,2022-09-06,2022,1662427280.0
"I painted and built a bench, but I have decision fatigue on the rest.",0,2024-04-09,2024,1712694672.0
Which wall colour...? ,43,2024-09-18,2024,1726698852.0
Need help decorating a ‚Äúzoom background‚Äù,1,2024-07-08,2024,1720400532.0
The 'Tabula Rasa' Bedroom (almost),1,2024-07-05,2024,1720154016.0
Help! We need window treatments.,2,2024-05-13,2024,1715563832.0
what does my master bath need?,30,2023-04-07,2023,1680895590.0
Backsplash help!,4,2024-02-11,2024,1707622351.0
Help With Living Room,2,2024-01-03,2024,1704250108.0
What color or wood finish for this bathroom built-in?,2,2023-11-04,2023,1699077358.0
Don‚Äôt know where to start,2,2023-10-24,2023,1698185477.0
Crowdsourcing for chairs that will go with my table!,3,2023-09-28,2023,1695901211.0
Need help putting the finishing touches on the living room.,0,2023-11-05,2023,1699212921.0
Help with this room! Sunroom?,1,2023-01-22,2023,1674425154.0
"Asking for help choosing interior paint colors for old, small house with low lighting",14,2019-12-30,2019,1577728173.0
Please help me design our living room diner...!,12,2019-08-04,2019,1564951815.0
Blank slate living room -- open to any modern design!,4,2016-09-05,2016,1473034952.0
Decision Fatigue [OC],4,2023-06-28,2023,1687984925.0
Decision fatigue,7,2023-04-30,2023,1682853367.0
Decision Fatigue #shorts,1,2023-07-04,2023,1688499324.0
Decision Fatigue is a real issue,3,2022-03-08,2022,1646773564.0
#40: Right To Be Horizontal [OC],1,2023-04-17,2023,1681746892.0
Reducing Decision Fatigue During the School Year,23,2024-07-08,2024,1720452757.0
Help me explain decision fatigue to my husband,79,2018-11-07,2018,1541626654.0
Combating Decision Fatigue,7,2023-01-03,2023,1672752684.0
Decision Fatigue,7,2021-10-01,2021,1633128774.0
Decision Fatigue - How to avoid burnout,28,2018-01-24,2018,1516761884.0
My husband is a teacher and I‚Äôm a SAHM; how can I support him?,27,2024-04-17,2024,1713316367.0
Decision and social interaction fatigue. How are we all feeling?,7,2024-05-25,2024,1716668848.0
Does this happen to anyone else?,19,2023-11-14,2023,1699994340.0
Appropriate handling of students that sexually harassment of staff (middle school),19,2023-09-26,2023,1695767836.0
Reminder to First-Year Teachers: What You Are Going Through? Totally Normal. It Gets Better!,64,2015-09-26,2015,1443305308.0
My previous post blew up!,2,2023-08-08,2023,1691531882.0
Burned out new sped teacher,5,2023-06-10,2023,1686410350.0
Should I be concerned about stalker behavior?,8,2022-04-08,2022,1649377467.0
Two important economics papers came out (about baseball) that might help your teaching career.,3,2021-07-17,2021,1626499789.0
Para mad at me all the time,3,2021-03-11,2021,1615428116.0
Brand new teacher taking over halfway through the year. Tips/Advice?,4,2015-12-08,2015,1449545091.0
"The ""Oh my god my brain"" freeze",0,2015-10-08,2015,1444269059.0
Decision Fatigue,1,2024-05-25,2024,1716604739.0
Is Druid the best answer to analysis paralysis?,8,2024-05-23,2024,1716507316.0
"Intense urge to play WoW, but then quit after only a few hours of resubbing? Is this me or the game?",5,2024-05-19,2024,1716151686.0
This disclaimer is too much,4,2021-06-24,2021,1624553196.0
Decision fatigue,5,2023-07-10,2023,1688950893.0
Decision Fatigue,10,2024-03-22,2024,1711115091.0
"Approximately how much is your cost for having the Mach E at the moment? Help me with decision fatigue please, I'm in first world problem hell.",36,2022-08-16,2022,1660669869.0
"ADHD meltdowns are not taken seriously, and this is sad.",343,2022-10-31,2022,1667210530.0
Decision fatigue - tv show recommendations,8,2024-07-03,2024,1720043716.0
"I hate eating. It gets in the way of what I'm doing, costs money, takes time, is difficult to make a decision, and is generally obstructive to anything I'm doing",463,2020-08-18,2020,1597785100.0
How I simplified my wardrobe and decision fatigue in fashion to only 21 item total capsule,1,2024-03-06,2024,1709730285.0
Big purchases and decision fatigue,2,2023-07-22,2023,1690043195.0
Not Ready Yet/Performance Anxiety/Freeze Response/Decision fatigue,1,2022-12-26,2022,1672058754.0
Decision Fatigue Isn't Necessarily a Bad Thing,5,2022-05-04,2022,1651656946.0
The problem is choice! (ADHD and Decision Fatigue),36,2014-09-26,2014,1411758983.0
Netflix Decision Fatigue (Do you guys go through this too?),17,2019-01-10,2019,1547091182.0
Help me stop the decision fatigue and hyperfixating over buying a tv and start working on my presentation,4,2021-06-20,2021,1624174985.0
I wish I knew earlier about this as it is one of the only things that help with add paralysis,30,2024-04-22,2024,1713807755.0
Losing too much weight on Concerta? ,1,2024-08-27,2024,1724766155.0
Suggestions for chore tasks to add to my ‚Äúchore jar‚Äù?,4,2024-07-19,2024,1721351966.0
What would be your ADHD/ADD dream system?,1,2024-05-25,2024,1716660222.0
Looking for an AI app with Auto Scheduling of optional tasks and objectives,2,2024-05-07,2024,1715104214.0
Why uncluttering is amazing when you have ADHD,43,2017-10-08,2017,1507465946.0
"Mental Exhaustion, Am I doing it to myself? Solutions?",2,2024-03-31,2024,1711909377.0
How I‚Äôve become much healthier despite ADHD,17,2023-03-13,2023,1678715689.0
Seeking Re-diagnosis Makes me feel like a Criminal,11,2023-09-04,2023,1693833404.0
Restricting my clothing purchases for 2024,2,2024-01-16,2024,1705436309.0
Advice please: Work and resigning,2,2024-01-15,2024,1705348486.0
Holidays/vacation/unstructured days terrify me,1,2023-12-29,2023,1703824124.0
"ADHD gamers, how do you avoid losing interest and keep motivated to play?",16,2023-03-17,2023,1679017857.0
What movie are you watching right now?,20,2022-11-13,2022,1668319300.0
"Tip: Just roll a dice for those annoying trivial, yet paralyzing decisions throughout the day.",18,2022-08-31,2022,1661986447.0
You can get so much done in three minutes.,0,2023-10-08,2023,1696740234.0
Struggling with Note-Taking and Considering Digital,1,2023-09-19,2023,1695129461.0
"Finally got tested, but it was a bizarre experience. Not sure what to do.",1,2023-06-01,2023,1685637209.0
Relatable songs - any tracks that hit different once you start meds/therapy?,3,2023-04-16,2023,1681617301.0
Once again I failed to do enough on time for my wife's birthday.,24,2021-08-12,2021,1628785161.0
ADHD is worse for me at home evenings /weekends than it is at work‚Ä¶,0,2023-05-04,2023,1683171651.0
Any healthcare providers out here behind on their charting / documentation?,6,2022-12-11,2022,1670725161.0
I feel like im all over the place and cannot focus,3,2023-01-20,2023,1674183485.0
You know that feel when even the text you are reading is distracting?,0,2023-04-09,2023,1681075989.0
Meal planning service?,2,2022-12-18,2022,1671323820.0
am I a background application expected to run while needing nothing?,5,2022-07-11,2022,1657557726.0
Help with choosing a new smartphone,11,2022-04-14,2022,1649949877.0
What resources do you wish your psychiatrist/therapist knew about?,6,2022-08-08,2022,1659976646.0
Frustrated by inability to stick to a lifestyle and personal style,3,2022-10-19,2022,1666197409.0
Guys!!! Regular sleep schedules really DO help!,9,2022-01-28,2022,1643404746.0
Advice on shopping for things in a way that doesn't feel like the 10th level of hell?,10,2021-10-17,2021,1634431461.0
pro-tip: put things up too high so you can't mess them up lol,2,2022-08-28,2022,1661653811.0
I finally cleaned my room ALL the way!,1,2022-08-08,2022,1659990256.0
Doing such a good job of keeping my room clean!,1,2022-08-18,2022,1660854846.0
Adhd getting worse with age??,5,2022-02-21,2022,1645453376.0
Academic Career and Panic,2,2022-06-08,2022,1654710320.0
"Digital ecosystems, brand loyalty and ADHD",4,2022-03-04,2022,1646409912.0
How do you get yourself started?,4,2022-02-03,2022,1643927971.0
Suggestions for a wireless two-ear (binaural) headset?,4,2022-01-25,2022,1643125033.0
When you actually do something:,5,2021-10-01,2021,1633089451.0
Food for Thought,1,2022-01-22,2022,1642863436.0
Tips for big exams,1,2021-12-23,2021,1640296160.0
Marriage advice needed,12,2020-05-12,2020,1589296213.0
"Trying to optimize productivity, but my ADHD and OCD are at odds with each other. Help?",4,2021-05-28,2021,1622219501.0
Costco as a tool for the ADHD shopper,8,2020-09-14,2020,1600041985.0
What are some things ADHDers should just take a loss on?,14,2019-08-24,2019,1566690207.0
Share your back to school tips (I'll start),1,2021-07-19,2021,1626732852.0
"Any medical providers out there? Struggling with logistics - records (UGH), efficiency, patient care.",3,2021-03-26,2021,1616782451.0
"Out of sight, out of mind: Today I remembered that you can, actually, put things away when you're not using them instead of leaving it out indefinitely, or til you get around to the project",4,2020-09-09,2020,1599610850.0
Trying to figure out a cleaning schedule,2,2021-03-03,2021,1614810214.0
F25 ADD. can't get shit done because i feel guilty of not doing the other to-do things on the list so i do nothing! need help!!,11,2018-10-30,2018,1540894304.0
Just now realized why I've been feeling so overwhelmed despite not having many real responsibilities right now,4,2020-08-21,2020,1598044663.0
"My ADHD process for organizing spaces and keeping them tidy! How to make chores more consistent, create a deeper connection with personal space, and be comfortable your sacred space.",2,2020-08-03,2020,1596445856.0
ADHD copes for daily life,0,2021-02-24,2021,1614142395.0
ADHD-Pi: Vyvanse (Elvanse) vs Concerta,9,2019-06-24,2019,1561377597.0
I have to clean out my (deceased) mum‚Äôs house today...,1,2020-12-17,2020,1608237222.0
Procrastination &amp; Fear,4,2020-03-30,2020,1585546408.0
I finally got meds to help! It‚Äôs amazing to be able to get things done! I may have messed up this morning and I‚Äôm really scared.,0,2020-11-30,2020,1606747235.0
Mom &amp; Nurse ISO Planner/Organization Help!,2,2020-07-12,2020,1594575154.0
"well, that was surprising....Time mapping of a recovering hoarder",0,2020-08-26,2020,1598476257.0
Thank you ADHD Redditors!,2,2019-01-07,2019,1546894252.0
New teacher with ADHD,4,2018-07-28,2018,1532738426.0
Live Sound Professionals with ADHD.,0,2019-09-03,2019,1567512903.0
Amsterdam hotel: decision fatigue,46,2024-09-18,2024,1726626715.0
Where would you go (Europe) for 2 weeks in August? ,14,2024-05-06,2024,1715026693.0
Decision fatigue with sites,3,2024-02-26,2024,1708916840.0
Anybody eat the same meals on a daily basis to help with decision fatigue? ?,9,2023-05-29,2023,1685388187.0
low-buy rules for minimal decision fatigue,4,2024-03-14,2024,1710422422.0
So calming!,46,2024-01-23,2024,1706022174.0
Thanks to this sub - my No (Low) Buy 2024 Rules,44,2023-12-18,2023,1702927189.0
Decision fatigue: can't decide how to make cards for this vocab list,19,2023-04-06,2023,1680766162.0
"Are there any addons that allow you to automatically mark cards as easy, good or hard depending on how long you take to turn them over?",16,2022-08-24,2022,1661343590.0
Review a random Anki deck,5,2021-09-22,2021,1632307536.0
How can I get over this feeling of decision fatigue?,2,2023-10-17,2023,1697524167.0
Decision fatigue: which door bell camera?,4,2023-09-11,2023,1694391378.0
People who don't look at the menu when dining at a restaurant... why?,39,2022-03-24,2022,1648154654.0
Why is traveling so exhausting?,5,2023-08-27,2023,1693171477.0
"I'm White But Accidentally Bought Shampoo ""For Men of Color"" - Can I Just Use It?",9,2022-03-16,2022,1647446068.0
‚ÄúDecision fatigue‚Äù,12,2024-08-02,2024,1722614503.0
Meal decision fatigue,13,2024-07-24,2024,1721804620.0
Decision fatigue leads to end up staying home,23,2024-07-05,2024,1720199917.0
"I'm not a stay at home mom, but my husband forgets that",372,2021-04-21,2021,1619031756.0
Decision fatigue regarding social circles post vaccine release.,6,2020-12-10,2020,1607562149.0
How to throw 1st birthday partt,6,2023-08-03,2023,1691086983.0
"Honest, unfiltered parenting thoughts.",2,2023-09-21,2023,1695317910.0
Tough choices and priorities for the coming school year -- what are you deciding?,5,2020-08-17,2020,1597683048.0
Planning ahead a bit - having some decision fatigue with the available post partum exercise programs - what did you use and what was your experience?,2,2024-03-10,2024,1710101570.0
Please help! We have decision fatigue after moving,57,2024-06-02,2024,1717296140.0
I‚Äôm clueless and have pretty bad decision fatigue,0,2024-04-08,2024,1712551140.0
Help - How to paint transitional areas,2,2024-07-08,2024,1720454390.0
Which rug would go best in my living room?,0,2024-07-22,2024,1721687733.0
Kitchen hardware style advice,2,2024-03-13,2024,1710304414.0
When should I hire an interior designer?,5,2024-01-06,2024,1704509875.0
Backsplash Help!,12,2023-03-03,2023,1677811796.0
I can‚Äôt get a feel for a rug in a green room.,10,2018-09-11,2018,1536681851.0
Decision fatigue/paralyzing anxiety about university,32,2023-11-20,2023,1700517144.0
"How to Win the War Against Big Grocery - A 22 Point List of Tips and Tricks [Long but worth it][save yourself, it's not too late]",43,2024-04-12,2024,1712935655.0
"Decision Fatigue on what will do well, buyers and sellers opinions are welcome!",16,2024-01-02,2024,1704238102.0
What are some routines you have to reduce decision fatigue?,34,2024-06-27,2024,1719530503.0
"Are decision fatigue, checked luggage, and moving all that bad?",22,2017-06-25,2017,1498392734.0
Decide Once,127,2021-03-30,2021,1617141832.0
Creating more time with managing Decision Fatigue,2,2015-05-04,2015,1430722544.0
Minimalism can become toxic for your mind. Be careful.,65,2020-08-12,2020,1597225144.0
Trying to be a minimalist made me obsess too much over things. Where did I go wrong?,66,2021-05-05,2021,1620228397.0
Alternative to minimalism,49,2022-10-13,2022,1665671599.0
"The delicate art of balancing minimalism with OCD, anyone else out there?",32,2023-02-14,2023,1676383376.0
An unintended bi-product of my minimalism journey,17,2022-08-08,2022,1659929101.0
Minimalist decision-making,11,2022-11-14,2022,1668388612.0
ADHD and Minimalism,28,2018-11-09,2018,1541792074.0
Family minimalism / low stress hacks,15,2021-11-06,2021,1636213700.0
I only have 4 outfits,19,2021-09-23,2021,1632421258.0
How Minimalism Helped My Anxiety (&amp; I encourage others to try too),17,2019-09-28,2019,1569684850.0
"If you were starting from scratch with your wardrobe, how would you purchase clothes to fit with a minamalist lifestyle?",38,2019-07-25,2019,1564057143.0
I'm in a hurry and don't know why,20,2021-08-26,2021,1629937591.0
"Digital minimalism: I‚Äôm a recovering photo hoarder, advice on how to delete photos?",32,2018-10-25,2018,1540485437.0
Decluttering has lost all meaning?,5,2022-01-23,2022,1642898845.0
Minimalism helps me in every aspect of life,4,2020-08-06,2020,1596695942.0
"Help, please",15,2020-01-26,2020,1580028489.0
[meta] Minimalism: A lifestyle choice or an aesthetic choice?,12,2018-05-25,2018,1527264183.0
How Decluttering can simplify our lives,2,2019-03-23,2019,1553340509.0
Minimalism and psychological effects,6,2016-03-18,2016,1458327108.0
"Tired of the endless shopping cycles, decision fatigue, and dealing with a cluttered closet?",2,2024-03-05,2024,1709617637.0
Decision Fatigue Plagues Woman As She Struggles To Pick Colour In High Octane Vietnamese Nail Salon,0,2023-12-19,2023,1702945515.0
Decision fatigue is real,29,2023-03-20,2023,1679329587.0
Decision fatigue &amp; Mother‚Äôs Day,37,2023-05-05,2023,1683325501.0
Dealing with responsibility and decision fatigue,1,2022-02-02,2022,1643778115.0
Working Mom Life Hacks?,108,2024-01-17,2024,1705524843.0
How am I waking up already overstimulated?,20,2024-07-21,2024,1721572359.0
Asked my husband for suggestions for dinner this week ‚Äî he hasn‚Äôt eaten one of the meals,57,2022-04-20,2022,1650424269.0
Any advice for going back to a W2 job after being self employed and becoming a mom?,0,2024-07-16,2024,1721164476.0
40th bday indecision,3,2023-10-23,2023,1698030329.0
Can you recover from burnout?,4,2023-05-10,2023,1683685641.0
So lost on what to do,25,2021-07-24,2021,1627158273.0
"What do you do when you feel behind, overwhelmed and tired at work to get back on track? Need help! I feel stuck.",8,2019-10-22,2019,1571762775.0
Cabin Decision Fatigue,43,2024-08-31,2024,1725134197.0
Mediterranean Cruise suggestions please,5,2024-04-23,2024,1713832489.0
Decision Fatigue and Overwhelm,12,2023-02-23,2023,1677183475.0
Is this decision fatigue or my cue to leave? ,57,2024-04-26,2024,1714094258.0
How do you cope with decision fatigue?,23,2023-01-30,2023,1675063439.0
Decision fatigue ,12,2024-03-08,2024,1709919280.0
Decision fatigue,4,2022-10-11,2022,1665472054.0
FET with new or old clinic,6,2024-04-29,2024,1714408921.0
Should I try for another euploid?,17,2023-04-11,2023,1681211920.0
Expanded Sema4 testing,6,2021-12-09,2021,1639010886.0
PGT results!,8,2021-08-18,2021,1629309820.0
Decision Fatigue : Decrease your daily stress and save your time,3,2024-07-09,2024,1720540842.0
FIRE and decision fatigue -,120,2020-07-26,2020,1595780336.0
"UPDATE (1 year in and loving it!): 35, $1.1M - Luck, Stumbles, Dedication, and Thrift - An 11 Year Journey to FI",315,2020-02-11,2020,1581413423.0
Reflections on 1 year of early retirement,287,2019-12-23,2019,1577059331.0
When that decision fatigue hits‚Ä¶ (naming),35,2024-02-20,2024,1708467301.0
Still Coviding Decision Fatigue? ,1,2024-07-27,2024,1722102999.0
"What are the most effective COVID mitigations beyond masking (CO2 monitor, nasal solution, etc )?",54,2024-02-20,2024,1708390683.0
Air Purifiers/Filters - What are your favourites?,28,2023-04-22,2023,1682204214.0
Decision Fatigue,18,2024-02-08,2024,1707401075.0
Rome decision fatigue - pick my hotel (tell me where to stay),30,2024-07-09,2024,1720486744.0
Picking an Itinerary,20,2023-10-07,2023,1696695676.0
Understanding Decision Fatigue And Effective Strategies To Manage It,0,2024-08-27,2024,1724746783.0
"What is the consensus here regarding the ""no characters"" option for those who are feeling a certain ""decision fatigue""?",6,2024-09-20,2024,1726833058.0
"Need to Choose a new phone, please help me pick between these two or add to my decision fatigue",0,2023-09-11,2023,1694403505.0
Request (if its ok) (its fine to share to the community as well i just got the starter box but have decision fatigue),3,2023-08-21,2023,1692611460.0
Decision fatigue ,0,2024-04-12,2024,1712954039.0
Decision fatigue,2,2023-05-27,2023,1685217844.0
Do you sometimes have decision paralysis? (or decision fatigue?),4,2021-01-22,2021,1611335526.0
Reduce Your Work-From-Home Decision Fatigue,1,2021-03-03,2021,1614801446.0
alternatives to headspace for mood tracking/journalling,1,2022-09-20,2022,1663667201.0
"Wearing the same clothes everyday has really positively impacted my mental health, especially as a women - do any of you do this?",13,2020-04-08,2020,1586375362.0
Think more clearly by reducing bias,2,2021-06-17,2021,1623965993.0
I am becoming severely bi-polar and do not know what to do or how to get help. (advice?),2,2012-06-03,2012,1338727517.0
Decision Fatigue On Potential Options,2,2024-04-28,2024,1714266044.0
Decision Fatigue - Buying my Next Multi-Family Property,22,2021-05-24,2021,1621850880.0
SER5 MAX 5800H? - help me kill decision fatigue,20,2023-08-15,2023,1692137876.0
"I am genuinely exhausted from decision fatigue. If I want to wear the same outfit to work every day, how many identical shirts and pants do I need?",73,2023-09-17,2023,1694976139.0
Game decision fatigue is real!,57,2024-05-26,2024,1716749058.0
Remember when unlocking characters in fighting games involved going through the story mode under specific conditions?,182,2023-08-12,2023,1691877707.0
Losing motivation for playing games. Starting to get depressed sitting down with a controller in my hands just staring at the Xbox home screen.,26,2021-11-25,2021,1637858878.0
Food decision fatigue,63,2024-08-02,2024,1722561685.0
I made this guide on how to recude decision fatigue,50,2023-12-24,2023,1703417238.0
Capsule wardrobe to help decision fatigue?,140,2022-01-08,2022,1641678041.0
What things you do to avoid decision fatigue?,37,2022-11-23,2022,1669209116.0
Attention: Do you struggle to make decisions about what to wear in the morning? Does putting together outfits before your meds kick in make you want to give up before the day even starts? I have a hack!,234,2023-01-11,2023,1673449004.0
"I listened to the podcast ""Clean with Me"" last night and it's a game changer. The host walks you through cleaning your whole house in an hour, she's kind and non-judgemental, and it's made specifically for women with ADHD!",193,2020-11-20,2020,1605898649.0
"LPT: use constraints, instead of the choice of everything",99,2024-05-07,2024,1715081782.0
Spent 3 days thinking about color on dog bed.. üòÜ Have I reached a decision? Nope. Want to help me out? What suits the dog‚Äôs colors the best? I can barely decide what pants to put on ü§™ADHD decision fatigue is exhausting.,11,2022-06-03,2022,1654273852.0
"Too many options, too much decision fatigue",2,2022-10-13,2022,1665691257.0
Decision fatigue and learning to read again,6,2022-03-05,2022,1646468036.0
shopping is terrible!!! why are there so many options for literally everything!!,65,2024-07-18,2024,1721312637.0
Meal plan substitute/decision fatigue hack: write meal on post-it note in kitchen so FutureYou isn't stuck in endless analysis paralysis / hunger feedback loop at dinnertime. Today I might have had some... difficulties with emotion regulation üôÑ,1,2020-08-18,2020,1597794914.0
For over two months I've been telling my occupational therapist I'm going to make overnight oats. Tonight I actually did it! Who knows if it will actually taste good.,30,2024-09-17,2024,1726543524.0
"feeding myself has become impossibly difficult (please dump grocery lists, go-to recipes, decision-free weekly meals, etc. below)",122,2022-01-12,2022,1642006017.0
What small/weird things make your daily life easier?,85,2023-10-05,2023,1696519980.0
My ADHD not about you‚Ä¶,3,2024-08-31,2024,1725105929.0
Struggling and Overwhelmed by Daily Decisions and Tasks,1,2024-09-11,2024,1726080556.0
Suggestions for tasks to add to my ‚Äúchore jar‚Äù?,3,2024-07-19,2024,1721352051.0
What‚Äôs the best advice you‚Äôve received that‚Äôs helped you manage/embrace your ADHD?,22,2023-12-27,2023,1703635275.0
I thought you all might identify with this. I sure do!,61,2019-11-17,2019,1574000607.0
ADHD Burnout - How to rest and heal?,7,2024-05-16,2024,1715880261.0
Feeding 10 month old ,3,2024-06-23,2024,1719164468.0
[update] Almost done packing but the last little bits are SO hard,7,2024-02-26,2024,1708911424.0
WFH Routines &amp; Working Out,7,2024-04-27,2024,1714182762.0
Executive Function Coaching made me feel like a failure because I can't learn how to plan. So I tested 4 AI auto-scheduling tools to see if they could do the planning for me. It worked.,2,2024-05-05,2024,1714933502.0
"If I‚Äôm in the mood for an SVU binge session and it‚Äôs not on USA or ION like usual, I get annoyed and end up watching YouTube instead. For some reason, creating my own commercial-free marathon is not appealing in the same way. Am I the only one?!",4,2024-03-17,2024,1710709720.0
My systems aren't working anymore,6,2024-01-04,2024,1704412026.0
Help organizing outfits?,8,2023-12-01,2023,1701466088.0
Household prioritising ‚Äúmaster list‚Äù,12,2023-09-04,2023,1693820224.0
Carb-counting app suggestions,5,2024-01-01,2024,1704131248.0
Advice on how to handle home remodeling stress when you have ADHD,2,2024-01-30,2024,1706629270.0
Do you loves clothes and fashion? Please help me!,10,2023-10-13,2023,1697214218.0
Big hopes for myself (and my productivity) today!!,2,2023-12-27,2023,1703698688.0
Made my new doc laugh today,14,2022-11-23,2022,1669168119.0
therapist left my diagnosis up to me?,9,2023-08-09,2023,1691614640.0
The state of my apartment is my best kept secret. Looking for advice on how to go about organizing a chronic mess?,5,2023-10-09,2023,1696845477.0
Forgetting to Eat/ Overwhelmed with Cooking,7,2023-08-19,2023,1692409284.0
Need some help approaching my ADHD coworker.,12,2023-06-06,2023,1686074173.0
"""If it's not a F*uck Yes, it's a F*uck No""",14,2022-12-23,2022,1671754046.0
Beginner sewing: anyone have a decent YouTube tutorial to sew in removable bra cups?,0,2023-09-27,2023,1695792593.0
What should I expected from a therapist in terms of treating ADHD? Am I expecting too much?,3,2023-04-08,2023,1680916335.0
I‚Äôm having big feelings today and I don‚Äôt like it,1,2023-05-03,2023,1683137135.0
Yearly cycles of overwhelm/burnout/breakdown?,18,2021-11-02,2021,1635864114.0
Lost my footing on my fitness routine,3,2023-01-29,2023,1675024133.0
Really overwhelmed this week,1,2023-02-25,2023,1677297694.0
I Hate How Easily I can Lose Things.,7,2022-08-28,2022,1661708243.0
Got a prescription finally,3,2022-12-09,2022,1670587116.0
I‚Äôve been dying to go on vacation for 2 years but can‚Äôt get myself to actually pick a thing and plan it,3,2022-12-08,2022,1670514171.0
ADHD / Willpower? Bedtime Snack,1,2023-01-22,2023,1674392488.0
Ideas for dealing with a too-full schedule?,3,2022-11-23,2022,1669220807.0
went without caffeine and actually tried to do stuff,5,2022-08-28,2022,1661719980.0
Overwhelmed &amp; asked for help (now what?),1,2022-12-18,2022,1671405427.0
Having a uniform: my new workday hack,13,2020-11-18,2020,1605709870.0
How do I get dressed?,8,2022-01-09,2022,1641717688.0
Hypervigilance while driving is kinda ruining my life,3,2022-03-04,2022,1646395222.0
"My brain is still exhausting, even after I‚Äôve got it all together",3,2022-01-17,2022,1642461298.0
I cooked all my meals for the week last night!,7,2021-04-27,2021,1619535232.0
What does 'struggling to relax' look like for you? How do you deal with it?,4,2021-03-06,2021,1615068768.0
ADHD food tips Go!,3,2021-03-20,2021,1616267991.0
ADHD episodes &amp; triggers,2,2021-05-14,2021,1620967183.0
"Decisions, decisions...",3,2020-08-31,2020,1598865957.0
Note to self: Do not choose to make a multicolored gradient sweater when you can't choose the yarn in person and you're indecisive af,101,2024-02-05,2024,1707137851.0
Plus size knitters and wearable projects?,158,2021-12-19,2021,1639923767.0
Need 1 Skein Pattern Suggestions,9,2024-04-27,2024,1714247428.0
being a woman is a full time job - im sick of it,386,2024-04-12,2024,1712880821.0
What is Everyone's Voting Plan?,3,2024-09-12,2024,1726115754.0
Travel Advice for Europe,11,2023-07-05,2023,1688590903.0
I feel like a bad voter this year.,37,2020-10-17,2020,1602960196.0
Have i gotten the definition of decision fatigue right ?,4,2023-12-10,2023,1702227781.0
"Guys what does ""running on fumes"" mean?",6,2021-04-29,2021,1619721325.0
"What are some little, everyday things that take a lot of your energy?",260,2024-06-05,2024,1717615749.0
Grocery stores are hell,35,2024-07-14,2024,1720979637.0
Personal Clothes shopper for Naurodivergents?,11,2024-08-20,2024,1724155579.0
Flip Charts/Utilizing AI,0,2024-09-18,2024,1726621331.0
Assessment Coming up Soon‚Ä¶,0,2024-09-05,2024,1725504397.0
How do you prioritize when you have a lot to do but no strict deadlines?,0,2024-07-24,2024,1721835828.0
Wedding Planning ü§Ø,4,2024-04-17,2024,1713391705.0
Recommendations on Plus Size Tights,4,2024-01-17,2024,1705504524.0
Guys I finally got my diagnosis report and I‚Äôm in two mindsüé≠,0,2023-11-29,2023,1701251214.0
"Trying to gauge how much support/participation there would be for a bi-weekly, focused and formatted women's autism discussion and support group",26,2021-03-31,2021,1617174741.0
I am stuck,4,2022-09-14,2022,1663173440.0
GF and I want to try a lifestyle d/s relationship to help with her decision fatigue (among other things) advice welcome!,15,2024-09-05,2024,1725556000.0
Combat Decision Fatigue with Spaced Decisions,0,2024-04-14,2024,1713075296.0
Decision fatigue.,7,2023-09-04,2023,1693806498.0
Anyone feel like decision fatigue is so strong when you‚Äôre making a conscious effort to drink less?,11,2024-05-02,2024,1714654268.0
Has anyone noticed how much decision fatigue there can be in fishing?,45,2024-06-04,2024,1717504090.0
Help me get started fishing on my own.,6,2024-06-16,2024,1718552088.0
Are You ‚ÄúTeacher Tired?‚Äù Decision Fatigue and Some Ways to Help,0,2024-05-15,2024,1715808440.0
"WikiLeaks Plays Doctor, Gives Hillary Clinton Fake Disease: ‚ÄúDecision fatigue‚Äù is not an illness. It is a consumer behavior term for the feeling you get when you‚Äôre overwhelmed by the sheer number of options at, say, Costco.",20,2016-08-25,2016,1472135297.0
Wedding aficionados - pls help this bride to be with decision fatigue :),31,2024-03-12,2024,1710249588.0
Being the center of attention made me hate my bachelorette trip- will I hate the rest of my wedding festivities? ,7,2024-09-22,2024,1727047577.0
Honeymoon ideas‚Ä¶ are there inclusive trips that aren‚Äôt beach or cruise???,15,2024-07-27,2024,1722091965.0
Stressssssssed,3,2024-09-11,2024,1726092931.0
Colours help! for bridal bouquet and maybe decor,1,2022-03-18,2022,1647571117.0
Kitchen Decision Fatigue - unfashionable worktops / too much going on?,106,2022-08-05,2022,1659712921.0
I have decision fatigue cost hooks of all things. Can I get help picking something out?,2,2024-09-22,2024,1727036724.0
Struggling to style our couch. Feel like it shouldn‚Äôt be so hard!,26,2024-04-10,2024,1712718755.0
Lighting suggestions,2,2024-08-19,2024,1724101716.0
Which sofa?,2,2024-07-28,2024,1722197368.0
Paint and flooring help!,7,2023-09-25,2023,1695667914.0
Help!! Which rug works better? Or should we go back and get one with more color?,555,2024-06-02,2024,1717295998.0
Getting to the final stretch and have severe decision fatigue. Window treatments have set me over the edge. ,5,2024-09-05,2024,1725496560.0
"Wise and mighty Redditors, please save me from decision fatigue! Kitchen flooring advice",4,2024-09-08,2024,1725804642.0
Moving into my first purchased home and have serious decision fatigue after a drawn-out remodel. Looking for help selecting wood tone to go with my floors! I‚Äôll leave a detailed comment as well as caption the images.,22,2022-04-12,2022,1649788931.0
"Contractor suggesting can lights for open concert living room/kitchen; not sure how many or where. Installing one over food prep station &amp; pendants over the island. I need help with suggestions, i have decision fatigue.",3,2022-03-14,2022,1647221368.0
How to complete this beige bomb of a bedroom,10,2024-08-29,2024,1724963273.0
Backsplash help,10,2024-07-07,2024,1720393703.0
Help - How to paint transitional areas,0,2024-07-08,2024,1720454502.0
"Blank canvas, need help with choosing colour schemes!",5,2024-03-30,2024,1711802928.0
Dining Chair Help,7,2024-01-30,2024,1706651319.0
Help with honey oak cabinets,1,2023-09-28,2023,1695861259.0
Paint trim in my den?,2,2019-02-01,2019,1549039964.0
Decision fatigue?,11,2024-09-05,2024,1725569257.0
How I taught myself to make faster decisions to reduce overthinking and decision fatigue.,0,2024-05-01,2024,1714543051.0
Recently Diagnosed and struggling with decision fatigue for treatment options,9,2024-04-07,2024,1712449381.0
UNC Chapel Hill vs Duke,3,2024-09-20,2024,1726827590.0
Decision Fatigue,4,2023-10-02,2023,1696265235.0
Update/Rant,0,2023-12-28,2023,1703785683.0
Honeymooners but facing decision-fatigue!,30,2024-08-12,2024,1723496094.0
Decision Fatigue,20,2023-06-05,2023,1685945538.0
"Does anyone else get decision fatigue from constantly researching, reading labels, searching forums, etc??",19,2023-09-14,2023,1694711500.0
Favorite activity centers?,53,2024-09-05,2024,1725537044.0
Help me pick a play mat please!,29,2024-07-16,2024,1721141805.0
Meal planning app,6,2024-09-23,2024,1727049790.0
Aus online shop/brand recs?,5,2024-02-20,2024,1708400911.0
Fighting Personal Decision Fatigue vs. Focusing on the Big Issues,1,2024-07-23,2024,1721758304.0
Decision fatigue career‚Ä¶,1,2024-07-27,2024,1722090668.0
Daily sketching v. Decision fatigue,10,2023-08-30,2023,1693403888.0
New to espresso - Grinder decision fatigue,22,2024-03-06,2024,1709735810.0
Decision fatigue,10,2023-09-24,2023,1695559285.0
DF54 experience and suggestions,45,2024-04-30,2024,1714512366.0
Upgrade from Breville Barista Express?,11,2024-06-19,2024,1718838563.0
Talk to me about grinder importance,7,2023-11-24,2023,1700833079.0
Please tell me what to buy,7,2023-11-01,2023,1698799685.0
Best value for money grinders,11,2020-07-11,2020,1594456610.0
"Rig decision fatigue...please, help?",60,2023-07-20,2023,1689869069.0
Van Life and ADHD?,27,2024-07-10,2024,1720639969.0
Decision Fatigue -- 75 days in Japan,21,2023-03-02,2023,1677732886.0
Help! I have decision fatigue (long post),14,2021-02-10,2021,1612999883.0
"Having trouble packing for trekking + urban travel through Nepal, SEA, Australia, and NZ",15,2019-08-26,2019,1566795918.0
Starting weekly one bag business travel,1,2019-04-13,2019,1555186328.0
Will creating a city block train system help me with Design and Decision fatigue? (Rambling included),11,2023-09-19,2023,1695151248.0
"""Decision fatigue"": Prisoners who appeared early in the morning received parole about 70 percent of the time, while those who appeared late in the day were paroled less than 10 percent of the time.",29,2011-08-23,2011,1314114869.0
Do You Suffer From Decision Fatigue?,0,2011-08-23,2011,1314114322.0
Decision fatigue with which breast pump to go with,46,2023-10-18,2023,1697599039.0
"Just got a big raise at work. We're still new to parenting and we're drowning a bit, what are some ways we can make our lives easier with money?",274,2024-03-29,2024,1711713811.0
Solving kid probs with a D20?,2,2014-08-14,2014,1408041249.0
Is anyone else experiencing extreme deckbuilding ‚Äúdecision fatigue‚Äù with the amount of options out there?,61,2023-10-11,2023,1697042749.0
"why i stopped searching my library, and how it‚Äôs going",194,2023-10-08,2023,1696781817.0
Putting together an entire EDH deck is too stressful.,43,2023-02-14,2023,1676403267.0
How do you deal with anxiety induced decision fatigue?,0,2023-09-09,2023,1694289227.0
I did almost nothing today,6,2023-04-09,2023,1681018099.0
Shopping,0,2023-01-21,2023,1674285821.0
Strategies for Reducing Anxiety Around Decision Making,1,2022-10-07,2022,1665155997.0
Need help finding an anxiety workbook,2,2020-07-10,2020,1594407658.0
Saturday morning panic - how do you deal with this?,0,2016-10-23,2016,1477257144.0
decision fatigue as an eldest daughter/child,3,2023-12-03,2023,1701622670.0
Vent / Advice Request: I've never been encouraged to have my own interests and now I have decision fatigue at finding out what I'm interested in,4,2023-01-14,2023,1673730942.0
DAE: end your day with like decision fatigue but for ‚Äúshoulds‚Äù,6,2022-11-02,2022,1667394291.0
Navigating Decision Fatigue (Day 9),4,2018-11-20,2018,1542715011.0
What do you do when you can't afford therapy?,8,2023-12-25,2023,1703500890.0
How do you overcome the fear of losing more people after doing the deep work?,3,2024-02-14,2024,1707895492.0
"A minor struggle in this world but I idle between space safety vs venturing out, lots of anxiety, insecurity, indecision, opposing needs and interests",2,2023-10-06,2023,1696587631.0
Looking for advice to reduce the stress while parenting,3,2023-09-09,2023,1694293459.0
"Anyone else discovered, as an adult, that they have ADHD running alongside their CPTSD?",5,2023-01-16,2023,1673885821.0
"i've been doing my best, but being a stepmom to teenagers in 2020 is hard. my husband just asked me to leave.",22,2020-11-11,2020,1605086178.0
Sometimes I have a lot of trouble spending money on things.,2,2022-10-02,2022,1664741110.0
Decision fatigue and brain fog,2,2023-08-18,2023,1692392674.0
Expensive To Be Poor,294,2021-02-22,2021,1614018411.0
Pretty amazing how they're screwing everyone from both sides.,6,2022-08-07,2022,1659855661.0
"Planning to quit my job, advice and input needed",6,2021-02-17,2021,1613589946.0
Itinerary Advice - decision fatigue!,10,2024-01-12,2024,1705075301.0
Traveling for 13 days and at wit's end trying to figure out where to go for 4 days in between Tokyo and Kyoto. Please assist.,21,2024-02-16,2024,1708078363.0
ISO a COMPREHENSIVE rail travel planning tool,9,2023-05-02,2023,1683047030.0
How can I help partner who has decision fatigue while decluttering,60,2023-01-31,2023,1675184421.0
How do you deal with decision fatigue when completing tasks- to remain productive and effective- without getting overwhelmed and immobilized by it?,40,2021-05-24,2021,1621899934.0
Good ways to de-stress and get rid of decision fatigue when taking a break from decluttering?,31,2019-05-07,2019,1557194979.0
synopsis of different approaches to decision fatigue,0,2018-07-03,2018,1530645076.0
Need advice for mom who shoves everything inside boxes and storage bins and then can't find anything later,59,2024-03-17,2024,1710646356.0
Downsized storage unit!,11,2024-07-14,2024,1720998264.0
Decluttering Clothes Frustration?!,77,2022-04-19,2022,1650380174.0
"Tips on decluttering clothes, creating a capsule wardrobe, and figuring out what works for your body and style",49,2022-07-15,2022,1657901280.0
I have a lot of clothes and shoes I don‚Äôt wear because I often don‚Äôt have enough time to wear it all. But I‚Äôm also hesitant to get rid of a lot of it because I like the concept of having variety.,51,2022-03-09,2022,1646848989.0
Started on the boxes,28,2023-04-22,2023,1682164250.0
Finishing Fatigue Help,18,2024-01-14,2024,1705211944.0
Fatigue and anxiety after decluttering,35,2022-06-15,2022,1655255063.0
Best way to declutter for an international move when you‚Äôre a broke student w/chronic pain? My flight is 14 days away and I feel so unprepared yet I‚Äôve been working so hard! What am I doing wrong?,22,2023-05-16,2023,1684211984.0
Post Move Declutter,35,2019-12-02,2019,1575246508.0
Success helping my parents declutter,20,2019-10-13,2019,1570982043.0
I need advice on how to declutter a 4-bedroom house in two days,51,2018-09-29,2018,1538204334.0
To donate or to repurpose?,11,2021-12-12,2021,1639320678.0
"I want to keep things, but they are not useful right now?",6,2021-06-29,2021,1624970986.0
What do you do when you're feeling Overwhelmed?,28,2016-10-21,2016,1477027241.0
"(Almost) 1 Month Update: Big Move in 6 Months, dealing with hoarding tendencies",15,2017-08-20,2017,1503218228.0
A whole box!,9,2017-08-06,2017,1502047414.0
KonMari - Part 3 (paper) and the start of komono (cds &amp; dvds),10,2015-03-05,2015,1425568498.0
"Decision fatigue, what, where, how.",16,2024-01-27,2024,1706383624.0
Has anyone noticed how much decision fatigue there can be in fishing?,30,2024-06-04,2024,1717503978.0
Decision Fatigue and learning GURPS - but what to start with?,9,2024-01-01,2024,1704129418.0
People on Reddit just love when there's a name for something,133,2024-01-18,2024,1705606352.0
My 1 Year Anniversary of Full Time Day Trading. 3 Years In The Business. What I Wish I Could Tell Myself Years Ago.,225,2020-10-02,2020,1601661875.0
First Tilt In A Long Time. What Now?,31,2024-09-20,2024,1726865982.0
Tips that helped me become a more efficient day trader,43,2023-07-09,2023,1688898227.0
Part 4: After 4 Years Day Trading; 2 Years Full Time. Here's Some More Advice,47,2021-09-27,2021,1632709025.0
"Daytraders with several very clear setups, how do you organize your trading plan?",46,2022-01-29,2022,1643487831.0
Wanted to share about my progress day trading and take any advice given.,15,2021-10-23,2021,1634964186.0
Decision fatigue for leaping to T-Mobile from Verizon,20,2024-04-09,2024,1712623637.0
"Decision fatigue, which camera will be hte best value according to my use?",10,2024-02-28,2024,1709100077.0
Resort decision fatigue - help!,16,2024-02-18,2024,1708223236.0
Disney with a ‚Äúnewborn‚Äù,10,2023-01-24,2023,1674580282.0
Memory Maker - Buy it advance or post trip?,17,2018-04-05,2018,1522960506.0
This led to a terrible decision fatigue and thus 0 matches lmao ,167,2024-04-24,2024,1713976607.0
What things you do to avoid decision fatigue?,26,2022-11-23,2022,1669208914.0
"Sold Out, At Capacity, Out of Stock. Can we talk about ‚ÄúToo Late‚Äù fatigue? ",52,2024-04-22,2024,1713820185.0
What are you struggling with?,32,2021-01-16,2021,1610817456.0
How do you decide what to cook/eat everyday?!,22,2021-03-30,2021,1617085094.0
"Any other diabetics struggle a lot with decision fatigue? We have to make so many extra decisions in the day, it occured to me that maybe it would be common in our demographic.",37,2020-08-22,2020,1598068879.0
Decision fatigue! What do you do to minimize it or do a mental reset?,2,2023-05-30,2023,1685473174.0
"As a T1D, I never imagined how tough it would be to parent a T1D child.",12,2022-06-30,2022,1656552316.0
3mo sleep and decision fatigue,2,2024-06-03,2024,1717434966.0
What are your go to ‚Äúme time‚Äù activities? ,191,2024-03-02,2024,1709405675.0
"Since having a baby, I'm bored and I'm boring",28,2024-02-13,2024,1707790008.0
What to ask for ??,22,2024-02-08,2024,1707419593.0
roommate phase of baby number 2,8,2023-03-06,2023,1678067363.0
Understanding decision fatigue and how it plays out in relationships,0,2024-08-19,2024,1724034950.0
Decision Fatigue: How Can Teachers Cope with Overwhelming Choices and Maintain Effective Decision-Making Abilities,2,2023-11-19,2023,1700359140.0
The Grade Debate and Decision Fatigue,0,2023-11-25,2023,1700929906.0
Anyone else getting decision fatigue?,5,2023-09-03,2023,1693749272.0
I've stopped in Act 3 four times now....,29,2024-03-01,2024,1709335287.0
"I know everyone hates evil runs, but‚Ä¶",18,2024-05-13,2024,1715582903.0
The Game is so good that I can't finish it.,4,2023-09-14,2023,1694680651.0
Forgetfulness and decision fatigue,40,2023-04-01,2023,1680343052.0
"Am I alone or is teaching having an impact on your personal relationships too? If not - help me, please.",51,2024-03-15,2024,1710512347.0
"""new teachers perform just as well in the classroom as their more experienced colleagues""",70,2023-03-07,2023,1678174068.0
What did you do after graduating from your degree?,37,2023-08-13,2023,1691897062.0
[Discussion] Feeling some decision-fatigue or overwhelm. What are your widget+app home screens looking like on Day 2?,75,2020-09-18,2020,1600391082.0
Decision Fatigue,39,2024-09-15,2024,1726411142.0
"Decision fatigue, $600 budget, 6 foot table top DYI",3,2024-04-23,2024,1713837979.0
Major Decision Fatigue - Giving in and Asking for Help,9,2021-05-14,2021,1620972612.0
Help Needed: Currently Driving Myself Up a Wall with Decision Fatigue,7,2021-07-29,2021,1627532135.0
Easy to assemble standing desk for petite person?,28,2021-03-07,2021,1615146976.0
What leads to decision fatigue?,4,2024-02-21,2024,1708488532.0
How you avoid decision fatigue?,3,2023-09-14,2023,1694667338.0
"Reddit, what are some things you do to avoid decision fatigue?",0,2023-05-10,2023,1683681962.0
How do you combat decision fatigue?,6,2020-12-30,2020,1609353746.0
What are some ways and your story about getting over a decision fatigue?,1,2021-09-02,2021,1630556364.0
Does choosing what to wear everyday contribute to your decision fatigue?,4,2020-05-23,2020,1590258074.0
How do you overcome decision fatigue ?,4,2019-05-15,2019,1557916915.0
"Upper management of reddit, how do you deal with decision fatigue?",0,2017-05-23,2017,1495526727.0
What emotion doesn‚Äôt have a name but should?,18,2024-07-03,2024,1720015084.0
what your job is and what is the hardest part of it?,6,2024-09-09,2024,1725863756.0
"Your username is now your superpower, how will you save the world?",102,2020-08-20,2020,1597891357.0
What is an underrated first world problem?,103,2018-04-09,2018,1523268920.0
"People who like to cook, what motivates you/what do you like about doing it?",10,2023-02-11,2023,1676084382.0
What‚Äôs one item you‚Äôve been putting off purchasing (for any reason)?,13,2022-06-25,2022,1656128351.0
"Ladies, what's the real secret as to why you never want to decide when your S/O ask you to pick something?",10,2021-03-30,2021,1617063014.0
"There‚Äôs a lot going on in our world right now. It‚Äôs been difficult to make solid, confident decisions about anything- big or small. How do you combat confusion and self-doubt in moments of deep uncertainty? What is bringing you hope?",3,2020-06-30,2020,1593493794.0
Decision Fatigue - Recommendation Needed,4,2024-08-22,2024,1724360378.0
Decision fatigue and back pain are a poor combo.. help lol,10,2023-12-18,2023,1702920939.0
Decision Fatigue,15,2021-04-25,2021,1619393054.0
Please help my decision fatigue and tell me what to buy,4,2022-02-06,2022,1644164167.0
Need help narrowing down options,1,2023-09-18,2023,1695001765.0
Wrong mattress - where do we go next?,1,2023-07-24,2023,1690171216.0
Memory foam or pillow top mattress for back/hip/sciatica,27,2021-03-21,2021,1616346403.0
"Mattress help -- Fat people, no bounce wanted, considering Latex, Memory Foam and Hybrid.",2,2021-04-26,2021,1619452984.0
Decision fatigue has brought me to my knees,19,2024-02-28,2024,1709089425.0
Decision fatigue and the paradox of choice,138,2024-09-21,2024,1726878041.0
Ridiculous Decision Fatigue,12,2024-03-24,2024,1711287650.0
Guests asking what to wear ,163,2024-07-11,2024,1720737529.0
Decision Fatigue‚Ä¶ bridesmaid dress colors?!?,6,2023-03-23,2023,1679598347.0
Decision Fatigue is real - and so much has gone into the F*** it Bucket. Share your Lists,38,2018-09-05,2018,1536154743.0
Decision fatigue advise?,10,2021-10-29,2021,1635483796.0
"Decision fatigue, anyone feel like helping pick a photographer?",35,2017-02-02,2017,1485998915.0
"After much deliberation, I finally pulled the trigger on a veil after trying it on with my dress! Most veils I loved were around $350 in store, this beauty was $35 from Amazon üôåüèª. Feeling serious decision fatigue, but this small step feels like a battle won!",11,2019-04-25,2019,1556163965.0
Venue Decision Fatigue,7,2019-09-09,2019,1568035413.0
Married June 2024,22,2024-09-06,2024,1725587533.0
Bridesmaid gifts?,60,2024-07-26,2024,1721998323.0
Anyone else experiencing decision fatigue? [semi-RANT],11,2014-03-19,2014,1395187945.0
Sick of being told I‚Äôm not a bubbly enough bride,73,2023-06-27,2023,1687872035.0
"We got married ! Less than 20k‚Ç¨ in Madrid, Spain.",32,2024-06-26,2024,1719423673.0
Anyone else who didn‚Äôt enjoy their wedding? ,28,2024-08-14,2024,1723667654.0
Nontraditional non white affordable wedding dresses,19,2024-08-01,2024,1722476733.0
Is it normal for family members to ask for a specific dress code 10+ months in advance?,48,2023-12-06,2023,1701871234.0
"SoCal Wedding Budget Recap June 2024 - 100 guests, $44k ",15,2024-06-14,2024,1718407051.0
Invitations,13,2024-06-26,2024,1719420436.0
"Italy Destination Wedding Breakdown 2024 (70k , 64 guests)",6,2024-08-11,2024,1723368827.0
Wedding planning anxiety/depression,5,2024-08-08,2024,1723088602.0
Is wedding week blues normal?,3,2024-07-22,2024,1721680459.0
Struggling with the finish line,8,2024-05-07,2024,1715104820.0
Canon in D for bridal party?,2,2024-07-11,2024,1720732863.0
Shoe/Jewelry help,6,2024-06-03,2024,1717384512.0
My tips for anyone just starting to plan their wedding,29,2023-01-29,2023,1675017668.0
Need to vent as I head into my busiest month...,7,2024-05-16,2024,1715889283.0
I'm already dreading my wedding and I've barely started planning,16,2024-01-22,2024,1705886358.0
Can‚Äôt decide between 2 designs,1,2024-06-04,2024,1717463343.0
"when wedding planning is very one sided, how do you deal with the resentment?",50,2022-06-12,2022,1655013634.0
"Need to vent a little, stress is at an all-time high.",5,2023-12-13,2023,1702430157.0
Trying to prep for wedding party gifts,18,2023-06-09,2023,1686323783.0
Choosing a date? Major indecision,14,2023-06-26,2023,1687815284.0
Wedding Music,9,2023-08-31,2023,1693445820.0
"So tired of, ‚ÄúAsk the Bride!‚Äù",21,2022-07-17,2022,1658026283.0
Help please,3,2023-10-07,2023,1696721402.0
Am I the only one who gets tired of hearing ‚Äúit‚Äôs whatever you want‚Äù when I actually want constructive feedback? ü•≤,12,2023-02-28,2023,1677547481.0
Bridal shower registry?,7,2023-07-28,2023,1690586374.0
Ceremony/vows advice and ideas,4,2023-07-28,2023,1690577151.0
How do you manage all the wedding planning choices without getting overwhelmed?,33,2021-08-24,2021,1629833869.0
How many planners did you interview before you chose one? Is this a red flag?,6,2023-04-13,2023,1681423108.0
How I Would do Better Protecting My Team While Wedding Planning,1,2023-02-20,2023,1676929669.0
"My (cancelled) 6/6/2020 wedding Budget recap: $45K, DIY venue, 220 guests, Downtown Los Angeles wedding",32,2020-03-22,2020,1584900851.0
Bride and groom entrance,10,2022-09-26,2022,1664197547.0
Designing thank you cards,11,2022-07-12,2022,1657655904.0
Multiple dress appointments in one day?,14,2022-03-25,2022,1648229460.0
Things I wish I did/didn't do....,10,2022-03-01,2022,1646175456.0
Should we cancel the wedding and just elope?,12,2022-03-04,2022,1646397902.0
I'm so sick of planning my wedding I'm worried I won't even be able to enjoy it.,24,2019-05-21,2019,1558468191.0
"Wedding Recap and Lessons Learned (10/27/18 - Washington, DC)",16,2018-11-20,2018,1542742221.0
I'm the worst.,22,2017-08-15,2017,1502804957.0
We did the thing! May 2 camp wedding recap!,27,2015-05-12,2015,1431449995.0
Lash extensions or false lashes?,15,2019-09-18,2019,1568769770.0
I need objective opinions on photographers.,21,2018-04-02,2018,1522683002.0
Mid-September NH backyard wedding breakdown,13,2018-11-07,2018,1541607170.0
"Weddit, we need a tiebreaker: Help us decide what to do about ceremony chairs.",24,2016-08-01,2016,1470065767.0
How long can I realistically put off making decisions?,16,2018-05-17,2018,1526516794.0
Booking an inexperienced (for weddings) photographer?,5,2020-08-19,2020,1597866894.0
Cutting my dress to tea length a good idea?,9,2019-11-11,2019,1573476883.0
"Y'all, I really need help choosing a photog. Can I get some opinions??",17,2018-02-26,2018,1519673546.0
I cannot make a decision about shoes and jewelry. Opinions please!,20,2016-03-30,2016,1459345793.0
I impulsively bought a bouquet on Etsy and I hate it... and they don't accept returns.,8,2019-10-04,2019,1570148760.0
Help me pick my wedding shoes!,6,2020-01-17,2020,1579299117.0
Invitation Suite -- CC Welcome!,13,2018-03-12,2018,1520859917.0
Help! How do I pick a veil?,7,2019-09-19,2019,1568876713.0
Engagement Outfit Ideas,3,2020-06-14,2020,1592175729.0
So much to do/so little fucks,11,2018-03-11,2018,1520771268.0
How low key is too low key for rehearsal dinner?,9,2019-01-31,2019,1548900192.0
Bridesmaid dress deliberations - help please!,4,2019-11-27,2019,1574899054.0
Help me choose my wedding necklace!,6,2019-02-06,2019,1549471874.0
Looking for hair/makeup artist in metro Atlanta,6,2019-01-13,2019,1547398723.0
Just cannot get excited about wedding planning again,7,2018-04-27,2018,1524869708.0
"HALP, I think I'm losing it",4,2017-12-18,2017,1513633721.0
can't make up my mind on the venue. any advice?,6,2017-05-05,2017,1493950377.0
"Losing steam, questioning everything :(",10,2014-12-05,2014,1417806454.0
A new study finds that it matters what time of day you visit the doctor. 'Decision fatigue‚Äô causes physicians to order fewer and fewer potentially life-saving cancer screenings as the day progresses.,104,2019-05-11,2019,1557600562.0
"New Cambridge study shows that ""decision fatigue"" makes bank credit officers more likely to reject loan applications during the midday dip, which winds up being very costly for the bank.",25,2021-05-05,2021,1620203684.0
Decision fatigue catching up to me,58,2024-08-30,2024,1725040251.0
Decision Fatigue - Help me choose!,22,2024-04-05,2024,1712280913.0
Help! I‚Äôve got decision fatigue. What kind of veil or wrap should I get? If any? I don‚Äôt feel very bridal.,29,2022-04-19,2022,1650379119.0
Getting Serious Decision Fatigue - Recommendations Please!!,1,2023-11-19,2023,1700363026.0
"Pls help, need to decide by tomorrow which veil to get!",127,2024-04-10,2024,1712790637.0
Found the dress! But there‚Äôs one thing‚Ä¶,44,2023-09-24,2023,1695562861.0
Definitely the one!,6,2024-04-27,2024,1714180856.0
"Not feeling that ""the one"" feeling",18,2023-09-09,2023,1694273065.0
Hair ideas for wedding dress,15,2023-09-23,2023,1695436871.0
Decision Fatigue: too many ways to layout a Log Cabin,180,2024-05-02,2024,1714610179.0
Decision fatigue,6,2024-03-13,2024,1710356893.0
Pantograph help!,46,2024-07-07,2024,1720393730.0
Need quilting stitch ideas,1,2024-06-12,2024,1718218669.0
Pattern suggestions wanted please,4,2023-01-03,2023,1672785714.0
How do you deal with decision fatigue when managing multiple tasks?,16,2024-02-29,2024,1709231993.0
